Workbook
Name ResidenceTypes: 'Lists'!$A$6:$A$16

Sheet Start here
A1: START HERE
B5: PURPOSE
B6: Tracks document preparation for either route. READY FOR SUBMISSION means the workbook checks are complete, based on your entries. It is not an ISD eligibility decision or an examination of your files.
B8: 1 · SELECT ROUTE
B9: On Dashboard choose Standard adult or Irish spouse / civil partner, enter the applicant name, and review the final confirmation ticks.
B11: 2 · TICK IDENTITY
B12: Use the dropdowns: ☐ = outstanding; ☑ = done. Identity points count only when Uploaded and Checked are ticked and a file reference is entered. Use only one passport category; do not count the same identity file twice.
B14: 3 · SET RESIDENCE YEARS
B15: The first five or three slots activate automatically by route. Add further slots if your qualifying periods span more years. Enter distinct year/period labels on Residence. Every active slot needs an accepted A and B proof totalling 150. Scores cannot move between years.
B17: 4 · ADD RESIDENCE EVIDENCE
B18: Choose an accepted type, add its unique file reference, tick Uploaded, then Checked after confirming the name, address, year and document-specific requirements. Two slots per year are provided; a bank evidence set is one scored proof, not points for every statement.
B20: 5 · RESOLVE DOCUMENTS
B21: On Documents, mandatory items cannot be waived. For conditional items choose Yes or No; No requires a reason. A blank or Decide blocks readiness. A tick means actually uploaded/complete, not simply planned.
... B42: Public sources checked 15 October 2026. Recheck Sources and your live personalised portal checklist before lodging. No blanket all-bank-accounts or tax-clearance requirement is assumed.

Sheet Dashboard
A1: DASHBOARD
B4: Route | C4: Standard adult
B5: Applicant name
B6: Minimum qualifying years | C6: =IF(C4="Standard adult",5,3) -> 5
B7: Overall result | C7: =IF(AND(COUNTIF(C11:C16,"OK")=6,COUNTIF(C20:C27,"☑")=8),"READY FOR SUBMISSION","NOT READY — CHECK ITEMS BELOW") -> NOT READY — CHECK ITEMS BELOW
B10: Readiness gate | C10: Status | D10: Detail
B11: Applicant / route entered | C11: =IF(AND(C5<>"",OR(C4="Standard adult",C4="Irish spouse / civil partner")),"OK","MISSING") -> MISSING | D11: =IF(C5="","Enter applicant name","Route selected")
B12: Identity score and duplicate checks | C12: =IF(AND(Identity!I16>=150,Identity!I17="OK"),"OK","MISSING") -> MISSING | D12: =Identity!I16&" / 150 identity points"
B13: All residence years complete | C13: =IF(AND(Residence!J18="OK",COUNTIF(Residence!I6:I14,"MISSING")=0),"OK","MISSING") -> MISSING | D13: =COUNTIF(Residence!I6:I14,"OK")&" complete active year slots"
B14: Required / conditional documents | C14: =IF(COUNTIF(Documents!H6:H33,"MISSING")=0,"OK","MISSING") -> MISSING | D14: =COUNTIF(Documents!H6:H33,"MISSING")&" unresolved document checks"
B15: Extra portal / ISD requests | C15: =IF(COUNTIF('Extra requests'!G6:G15,"MISSING")=0,"OK","MISSING") -> MISSING | D15: =COUNTIF('Extra requests'!G6:G15,"MISSING")&" outstanding extra requests"
B16: Final confirmations | C16: =IF(COUNTIF(C20:C27,"☑")=8,"OK","MISSING") -> MISSING | D16: =COUNTIF(C20:C27,"☑")&" / 8 confirmations"
B19: Final confirmations — tick only after review | C19: Confirmed
B20: Eligibility and qualifying permission periods checked for the chosen route. | C20: ☐
B21: Absence record checked against the applicable territory and 70/30-day rule. | C21: ☐
B22: All supporting evidence checked, including certification and translation/exemption. | C22: ☐
B23: Live personalised portal checklist reviewed; all extra requirements logged. | C23: ☐
B24: Application answers and required disclosures are complete and accurate. | C24: ☐
B25: No document/year double counting; all required evidence actually uploaded. | C25: ☐
B26: Conditional No decisions and identity/immigration exceptions checked. | C26: ☐
B27: Final application, declarations and payment reviewed; copy saved. | C27: ☐
B30: READY is an administrative preparation status based on your confirmations. ISD may request further documents. It does not establish legal eligibility or guarantee approval. No total score is pooled across identity and residence years.

Sheet Identity
A1: IDENTITY
A3: Tick only the identity documents used. Points require Uploaded + Checked + file reference. Current passport alone meets 150. Birth certificate and certification forms are tracked separately on Documents.
A5: ID | B5: Identity proof | C5: Potential points | D5: Uploaded | E5: Checked | F5: Group | G5: File reference | H5: Notes | I5: Counted points | J5: Status
A6: ID1 | B6: Current valid national passport | C6: 150 | D6: ☐ | E6: ☐ | F6: Passport | I6: =IF(AND(D6="☑",E6="☑",G6<>"",COUNTIF($G$6:$G$14,G6)=1),C6,0) -> 0 | J6: =IF(D6="☐","UNSELECTED",IF(I6>0,"OK","MISSING")) -> UNSELECTED
A7: ID2 | B7: Passport expired less than 365 days | C7: 75 | D7: ☐ | E7: ☐ | F7: Passport | I7: =IF(AND(D7="☑",E7="☑",G7<>"",COUNTIF($G$6:$G$14,G7)=1),C7,0) -> 0 | J7: =IF(D7="☐","UNSELECTED",IF(I7>0,"OK","MISSING")) -> UNSELECTED
A8: ID3 | B8: Passport expired more than 365 days | C8: 50 | D8: ☐ | E8: ☐ | F8: Passport | I8: =IF(AND(D8="☑",E8="☑",G8<>"",COUNTIF($G$6:$G$14,G8)=1),C8,0) -> 0 | J8: =IF(D8="☐","UNSELECTED",IF(I8>0,"OK","MISSING")) -> UNSELECTED
A9: ID4 | B9: Certified IRP | C9: 75 | D9: ☐ | E9: ☐ | F9: IRP | I9: =IF(AND(D9="☑",E9="☑",G9<>"",COUNTIF($G$6:$G$14,G9)=1),C9,0) -> 0 | J9: =IF(D9="☐","UNSELECTED",IF(I9>0,"OK","MISSING")) -> UNSELECTED
A10: ID5 | B10: Certified compliant national ID | C10: 50 | D10: ☐ | E10: ☐ | F10: ID | I10: =IF(AND(D10="☑",E10="☑",G10<>"",COUNTIF($G$6:$G$14,G10)=1),C10,0) -> 0 | J10: =IF(D10="☐","UNSELECTED",IF(I10>0,"OK","MISSING")) -> UNSELECTED
A11: ID6 | B11: Certificate of Identity / Red Cross / UNHCR ID | C11: 50 | D11: ☐ | E11: ☐ | F11: ID | I11: =IF(AND(D11="☑",E11="☑",G11<>"",COUNTIF($G$6:$G$14,G11)=1),C11,0) -> 0 | J11: =IF(D11="☐","UNSELECTED",IF(I11>0,"OK","MISSING")) -> UNSELECTED
A12: ID7 | B12: Public Services Card | C12: 25 | D12: ☐ | E12: ☐ | F12: ID | I12: =IF(AND(D12="☑",E12="☑",G12<>"",COUNTIF($G$6:$G$14,G12)=1),C12,0) -> 0 | J12: =IF(D12="☐","UNSELECTED",IF(I12>0,"OK","MISSING")) -> UNSELECTED
A13: ID8 | B13: PPS letter | C13: 25 | D13: ☐ | E13: ☐ | F13: ID | I13: =IF(AND(D13="☑",E13="☑",G13<>"",COUNTIF($G$6:$G$14,G13)=1),C13,0) -> 0 | J13: =IF(D13="☐","UNSELECTED",IF(I13>0,"OK","MISSING")) -> UNSELECTED
A14: ID9 | B14: Current photo driving licence | C14: 10 | D14: ☐ | E14: ☐ | F14: ID | I14: =IF(AND(D14="☑",E14="☑",G14<>"",COUNTIF($G$6:$G$14,G14)=1),C14,0) -> 0 | J14: =IF(D14="☐","UNSELECTED",IF(I14>0,"OK","MISSING")) -> UNSELECTED
H16: Identity total | I16: =SUM(I6:I14) -> 0
H17: Integrity check | I17: =IF(AND(COUNTIF(D6:D8,"☑")<=1,COUNTIF(J6:J14,"MISSING")=0),"OK","MISSING") -> OK
B19: Do not tick more than one passport category. Alternative documents must satisfy current ISD rules and required certification. An affidavit does not automatically earn 150 points. A document with the same file reference used twice earns no identity points.

Sheet Residence
A1: RESIDENCE
A3: First 5/3 slots activate automatically. Extra slots: change Add extra year to Yes. Enter a distinct year/period label. Scroll below for two evidence rows per slot. One accepted A + B per active slot is required; do not double-count a file across years.
A5: Slot | B5: Year / claimed period | C5: Add extra year? | D5: Active? | E5: A points | F5: B points | G5: Total points | H5: Shortfall | I5: Year status | J5: Evidence rows | K5: Notes
A6: 1 | C6: No | D6: =IF(OR(A6<=Dashboard!$C$6,C6="Yes"),"Yes","No") -> Yes | E6: =IF(D6="Yes",SUMIF($D$22:$D$23,"A",$I$22:$I$23),0) -> 0 | F6: =IF(D6="Yes",SUMIF($D$22:$D$23,"B",$I$22:$I$23),0) -> 0 | G6: =E6+F6 -> 0 | H6: =IF(D6="Yes",MAX(0,150-G6),0) -> 150 | I6: =IF(D6="No","NOT USED",IF(AND(B6<>"",COUNTIF($B$6:$B$14,B6)=1,E6>=100,F6>=50,COUNTIF($J$22:$J$23,"MISSING")=0),"OK","MISSING")) -> MISSING | J6: 22–23
A7: 2 | C7: No | D7: =IF(OR(A7<=Dashboard!$C$6,C7="Yes"),"Yes","No") -> Yes | E7: =IF(D7="Yes",SUMIF($D$24:$D$25,"A",$I$24:$I$25),0) -> 0 | F7: =IF(D7="Yes",SUMIF($D$24:$D$25,"B",$I$24:$I$25),0) -> 0 | G7: =E7+F7 -> 0 | H7: =IF(D7="Yes",MAX(0,150-G7),0) -> 150 | I7: =IF(D7="No","NOT USED",IF(AND(B7<>"",COUNTIF($B$6:$B$14,B7)=1,E7>=100,F7>=50,COUNTIF($J$24:$J$25,"MISSING")=0),"OK","MISSING")) -> MISSING | J7: 24–25
A8: 3 | C8: No | D8: =IF(OR(A8<=Dashboard!$C$6,C8="Yes"),"Yes","No") -> Yes | E8: =IF(D8="Yes",SUMIF($D$26:$D$27,"A",$I$26:$I$27),0) -> 0 | F8: =IF(D8="Yes",SUMIF($D$26:$D$27,"B",$I$26:$I$27),0) -> 0 | G8: =E8+F8 -> 0 | H8: =IF(D8="Yes",MAX(0,150-G8),0) -> 150 | I8: =IF(D8="No","NOT USED",IF(AND(B8<>"",COUNTIF($B$6:$B$14,B8)=1,E8>=100,F8>=50,COUNTIF($J$26:$J$27,"MISSING")=0),"OK","MISSING")) -> MISSING | J8: 26–27
A9: 4 | C9: No | D9: =IF(OR(A9<=Dashboard!$C$6,C9="Yes"),"Yes","No") -> Yes | E9: =IF(D9="Yes",SUMIF($D$28:$D$29,"A",$I$28:$I$29),0) -> 0 | F9: =IF(D9="Yes",SUMIF($D$28:$D$29,"B",$I$28:$I$29),0) -> 0 | G9: =E9+F9 -> 0 | H9: =IF(D9="Yes",MAX(0,150-G9),0) -> 150 | I9: =IF(D9="No","NOT USED",IF(AND(B9<>"",COUNTIF($B$6:$B$14,B9)=1,E9>=100,F9>=50,COUNTIF($J$28:$J$29,"MISSING")=0),"OK","MISSING")) -> MISSING | J9: 28–29
A10: 5 | C10: No | D10: =IF(OR(A10<=Dashboard!$C$6,C10="Yes"),"Yes","No") -> Yes | E10: =IF(D10="Yes",SUMIF($D$30:$D$31,"A",$I$30:$I$31),0) -> 0 | F10: =IF(D10="Yes",SUMIF($D$30:$D$31,"B",$I$30:$I$31),0) -> 0 | G10: =E10+F10 -> 0 | H10: =IF(D10="Yes",MAX(0,150-G10),0) -> 150 | I10: =IF(D10="No","NOT USED",IF(AND(B10<>"",COUNTIF($B$6:$B$14,B10)=1,E10>=100,F10>=50,COUNTIF($J$30:$J$31,"MISSING")=0),"OK","MISSING")) -> MISSING | J10: 30–31
A11: 6 | C11: No | D11: =IF(OR(A11<=Dashboard!$C$6,C11="Yes"),"Yes","No") -> No | E11: =IF(D11="Yes",SUMIF($D$32:$D$33,"A",$I$32:$I$33),0) -> 0 | F11: =IF(D11="Yes",SUMIF($D$32:$D$33,"B",$I$32:$I$33),0) -> 0 | G11: =E11+F11 -> 0 | H11: =IF(D11="Yes",MAX(0,150-G11),0) -> 0 | I11: =IF(D11="No","NOT USED",IF(AND(B11<>"",COUNTIF($B$6:$B$14,B11)=1,E11>=100,F11>=50,COUNTIF($J$32:$J$33,"MISSING")=0),"OK","MISSING")) -> NOT USED | J11: 32–33
A12: 7 | C12: No | D12: =IF(OR(A12<=Dashboard!$C$6,C12="Yes"),"Yes","No") -> No | E12: =IF(D12="Yes",SUMIF($D$34:$D$35,"A",$I$34:$I$35),0) -> 0 | F12: =IF(D12="Yes",SUMIF($D$34:$D$35,"B",$I$34:$I$35),0) -> 0 | G12: =E12+F12 -> 0 | H12: =IF(D12="Yes",MAX(0,150-G12),0) -> 0 | I12: =IF(D12="No","NOT USED",IF(AND(B12<>"",COUNTIF($B$6:$B$14,B12)=1,E12>=100,F12>=50,COUNTIF($J$34:$J$35,"MISSING")=0),"OK","MISSING")) -> NOT USED | J12: 34–35
A13: 8 | C13: No | D13: =IF(OR(A13<=Dashboard!$C$6,C13="Yes"),"Yes","No") -> No | E13: =IF(D13="Yes",SUMIF($D$36:$D$37,"A",$I$36:$I$37),0) -> 0 | F13: =IF(D13="Yes",SUMIF($D$36:$D$37,"B",$I$36:$I$37),0) -> 0 | G13: =E13+F13 -> 0 | H13: =IF(D13="Yes",MAX(0,150-G13),0) -> 0 | I13: =IF(D13="No","NOT USED",IF(AND(B13<>"",COUNTIF($B$6:$B$14,B13)=1,E13>=100,F13>=50,COUNTIF($J$36:$J$37,"MISSING")=0),"OK","MISSING")) -> NOT USED | J13: 36–37
A14: 9 | C14: No | D14: =IF(OR(A14<=Dashboard!$C$6,C14="Yes"),"Yes","No") -> No | E14: =IF(D14="Yes",SUMIF($D$38:$D$39,"A",$I$38:$I$39),0) -> 0 | F14: =IF(D14="Yes",SUMIF($D$38:$D$39,"B",$I$38:$I$39),0) -> 0 | G14: =E14+F14 -> 0 | H14: =IF(D14="Yes",MAX(0,150-G14),0) -> 0 | I14: =IF(D14="No","NOT USED",IF(AND(B14<>"",COUNTIF($B$6:$B$14,B14)=1,E14>=100,F14>=50,COUNTIF($J$38:$J$39,"MISSING")=0),"OK","MISSING")) -> NOT USED | J14: 38–39
I18: Year setup | J18: =IF(AND(COUNTIF(D6:D14,"Yes")>=Dashboard!C6,COUNTIF(I6:I14,"MISSING")=0),"OK","MISSING") -> MISSING
A21: Slot | B21: Year / period | C21: Document type | D21: Class | E21: Potential points | F21: Uploaded | G21: Checked | H21: File reference | I21: Counted points | J21: Evidence status | K21: Notes / bank checks
A22: 1 | B22: =IF($B$6="","",$B$6) | D22: =IFERROR(VLOOKUP(C22,Lists!$A$6:$C$16,3,FALSE),"") | E22: =IFERROR(VLOOKUP(C22,Lists!$A$6:$C$16,2,FALSE),0) -> 0 | F22: ☐ | G22: ☐ | I22: =IF(AND($D$6="Yes",F22="☑",G22="☑",C22<>"",H22<>"",COUNTIF($H$22:$H$39,H22)=1),E22,0) -> 0 | J22: =IF($D$6="No","NOT USED",IF(I22>0,"OK","MISSING")) -> MISSING
A23: 1 | B23: =IF($B$6="","",$B$6) | D23: =IFERROR(VLOOKUP(C23,Lists!$A$6:$C$16,3,FALSE),"") | E23: =IFERROR(VLOOKUP(C23,Lists!$A$6:$C$16,2,FALSE),0) -> 0 | F23: ☐ | G23: ☐ | I23: =IF(AND($D$6="Yes",F23="☑",G23="☑",C23<>"",H23<>"",COUNTIF($H$22:$H$39,H23)=1),E23,0) -> 0 | J23: =IF($D$6="No","NOT USED",IF(I23>0,"OK","MISSING")) -> MISSING
A24: 2 | B24: =IF($B$7="","",$B$7) | D24: =IFERROR(VLOOKUP(C24,Lists!$A$6:$C$16,3,FALSE),"") | E24: =IFERROR(VLOOKUP(C24,Lists!$A$6:$C$16,2,FALSE),0) -> 0 | F24: ☐ | G24: ☐ | I24: =IF(AND($D$7="Yes",F24="☑",G24="☑",C24<>"",H24<>"",COUNTIF($H$22:$H$39,H24)=1),E24,0) -> 0 | J24: =IF($D$7="No","NOT USED",IF(I24>0,"OK","MISSING")) -> MISSING
A25: 2 | B25: =IF($B$7="","",$B$7) | D25: =IFERROR(VLOOKUP(C25,Lists!$A$6:$C$16,3,FALSE),"") | E25: =IFERROR(VLOOKUP(C25,Lists!$A$6:$C$16,2,FALSE),0) -> 0 | F25: ☐ | G25: ☐ | I25: =IF(AND($D$7="Yes",F25="☑",G25="☑",C25<>"",H25<>"",COUNTIF($H$22:$H$39,H25)=1),E25,0) -> 0 | J25: =IF($D$7="No","NOT USED",IF(I25>0,"OK","MISSING")) -> MISSING
A26: 3 | B26: =IF($B$8="","",$B$8) | D26: =IFERROR(VLOOKUP(C26,Lists!$A$6:$C$16,3,FALSE),"") | E26: =IFERROR(VLOOKUP(C26,Lists!$A$6:$C$16,2,FALSE),0) -> 0 | F26: ☐ | G26: ☐ | I26: =IF(AND($D$8="Yes",F26="☑",G26="☑",C26<>"",H26<>"",COUNTIF($H$22:$H$39,H26)=1),E26,0) -> 0 | J26: =IF($D$8="No","NOT USED",IF(I26>0,"OK","MISSING")) -> MISSING
A27: 3 | B27: =IF($B$8="","",$B$8) | D27: =IFERROR(VLOOKUP(C27,Lists!$A$6:$C$16,3,FALSE),"") | E27: =IFERROR(VLOOKUP(C27,Lists!$A$6:$C$16,2,FALSE),0) -> 0 | F27: ☐ | G27: ☐ | I27: =IF(AND($D$8="Yes",F27="☑",G27="☑",C27<>"",H27<>"",COUNTIF($H$22:$H$39,H27)=1),E27,0) -> 0 | J27: =IF($D$8="No","NOT USED",IF(I27>0,"OK","MISSING")) -> MISSING
A28: 4 | B28: =IF($B$9="","",$B$9) | D28: =IFERROR(VLOOKUP(C28,Lists!$A$6:$C$16,3,FALSE),"") | E28: =IFERROR(VLOOKUP(C28,Lists!$A$6:$C$16,2,FALSE),0) -> 0 | F28: ☐ | G28: ☐ | I28: =IF(AND($D$9="Yes",F28="☑",G28="☑",C28<>"",H28<>"",COUNTIF($H$22:$H$39,H28)=1),E28,0) -> 0 | J28: =IF($D$9="No","NOT USED",IF(I28>0,"OK","MISSING")) -> MISSING
A29: 4 | B29: =IF($B$9="","",$B$9) | D29: =IFERROR(VLOOKUP(C29,Lists!$A$6:$C$16,3,FALSE),"") | E29: =IFERROR(VLOOKUP(C29,Lists!$A$6:$C$16,2,FALSE),0) -> 0 | F29: ☐ | G29: ☐ | I29: =IF(AND($D$9="Yes",F29="☑",G29="☑",C29<>"",H29<>"",COUNTIF($H$22:$H$39,H29)=1),E29,0) -> 0 | J29: =IF($D$9="No","NOT USED",IF(I29>0,"OK","MISSING")) -> MISSING
A30: 5 | B30: =IF($B$10="","",$B$10) | D30: =IFERROR(VLOOKUP(C30,Lists!$A$6:$C$16,3,FALSE),"") | E30: =IFERROR(VLOOKUP(C30,Lists!$A$6:$C$16,2,FALSE),0) -> 0 | F30: ☐ | G30: ☐ | I30: =IF(AND($D$10="Yes",F30="☑",G30="☑",C30<>"",H30<>"",COUNTIF($H$22:$H$39,H30)=1),E30,0) -> 0 | J30: =IF($D$10="No","NOT USED",IF(I30>0,"OK","MISSING")) -> MISSING
A31: 5 | B31: =IF($B$10="","",$B$10) | D31: =IFERROR(VLOOKUP(C31,Lists!$A$6:$C$16,3,FALSE),"") | E31: =IFERROR(VLOOKUP(C31,Lists!$A$6:$C$16,2,FALSE),0) -> 0 | F31: ☐ | G31: ☐ | I31: =IF(AND($D$10="Yes",F31="☑",G31="☑",C31<>"",H31<>"",COUNTIF($H$22:$H$39,H31)=1),E31,0) -> 0 | J31: =IF($D$10="No","NOT USED",IF(I31>0,"OK","MISSING")) -> MISSING
A32: 6 | B32: =IF($B$11="","",$B$11) | D32: =IFERROR(VLOOKUP(C32,Lists!$A$6:$C$16,3,FALSE),"") | E32: =IFERROR(VLOOKUP(C32,Lists!$A$6:$C$16,2,FALSE),0) -> 0 | F32: ☐ | G32: ☐ | I32: =IF(AND($D$11="Yes",F32="☑",G32="☑",C32<>"",H32<>"",COUNTIF($H$22:$H$39,H32)=1),E32,0) -> 0 | J32: =IF($D$11="No","NOT USED",IF(I32>0,"OK","MISSING")) -> NOT USED
A33: 6 | B33: =IF($B$11="","",$B$11) | D33: =IFERROR(VLOOKUP(C33,Lists!$A$6:$C$16,3,FALSE),"") | E33: =IFERROR(VLOOKUP(C33,Lists!$A$6:$C$16,2,FALSE),0) -> 0 | F33: ☐ | G33: ☐ | I33: =IF(AND($D$11="Yes",F33="☑",G33="☑",C33<>"",H33<>"",COUNTIF($H$22:$H$39,H33)=1),E33,0) -> 0 | J33: =IF($D$11="No","NOT USED",IF(I33>0,"OK","MISSING")) -> NOT USED
A34: 7 | B34: =IF($B$12="","",$B$12) | D34: =IFERROR(VLOOKUP(C34,Lists!$A$6:$C$16,3,FALSE),"") | E34: =IFERROR(VLOOKUP(C34,Lists!$A$6:$C$16,2,FALSE),0) -> 0 | F34: ☐ | G34: ☐ | I34: =IF(AND($D$12="Yes",F34="☑",G34="☑",C34<>"",H34<>"",COUNTIF($H$22:$H$39,H34)=1),E34,0) -> 0 | J34: =IF($D$12="No","NOT USED",IF(I34>0,"OK","MISSING")) -> NOT USED
A35: 7 | B35: =IF($B$12="","",$B$12) | D35: =IFERROR(VLOOKUP(C35,Lists!$A$6:$C$16,3,FALSE),"") | E35: =IFERROR(VLOOKUP(C35,Lists!$A$6:$C$16,2,FALSE),0) -> 0 | F35: ☐ | G35: ☐ | I35: =IF(AND($D$12="Yes",F35="☑",G35="☑",C35<>"",H35<>"",COUNTIF($H$22:$H$39,H35)=1),E35,0) -> 0 | J35: =IF($D$12="No","NOT USED",IF(I35>0,"OK","MISSING")) -> NOT USED
A36: 8 | B36: =IF($B$13="","",$B$13) | D36: =IFERROR(VLOOKUP(C36,Lists!$A$6:$C$16,3,FALSE),"") | E36: =IFERROR(VLOOKUP(C36,Lists!$A$6:$C$16,2,FALSE),0) -> 0 | F36: ☐ | G36: ☐ | I36: =IF(AND($D$13="Yes",F36="☑",G36="☑",C36<>"",H36<>"",COUNTIF($H$22:$H$39,H36)=1),E36,0) -> 0 | J36: =IF($D$13="No","NOT USED",IF(I36>0,"OK","MISSING")) -> NOT USED
A37: 8 | B37: =IF($B$13="","",$B$13) | D37: =IFERROR(VLOOKUP(C37,Lists!$A$6:$C$16,3,FALSE),"") | E37: =IFERROR(VLOOKUP(C37,Lists!$A$6:$C$16,2,FALSE),0) -> 0 | F37: ☐ | G37: ☐ | I37: =IF(AND($D$13="Yes",F37="☑",G37="☑",C37<>"",H37<>"",COUNTIF($H$22:$H$39,H37)=1),E37,0) -> 0 | J37: =IF($D$13="No","NOT USED",IF(I37>0,"OK","MISSING")) -> NOT USED
A38: 9 | B38: =IF($B$14="","",$B$14) | D38: =IFERROR(VLOOKUP(C38,Lists!$A$6:$C$16,3,FALSE),"") | E38: =IFERROR(VLOOKUP(C38,Lists!$A$6:$C$16,2,FALSE),0) -> 0 | F38: ☐ | G38: ☐ | I38: =IF(AND($D$14="Yes",F38="☑",G38="☑",C38<>"",H38<>"",COUNTIF($H$22:$H$39,H38)=1),E38,0) -> 0 | J38: =IF($D$14="No","NOT USED",IF(I38>0,"OK","MISSING")) -> NOT USED
A39: 9 | B39: =IF($B$14="","",$B$14) | D39: =IFERROR(VLOOKUP(C39,Lists!$A$6:$C$16,3,FALSE),"") | E39: =IFERROR(VLOOKUP(C39,Lists!$A$6:$C$16,2,FALSE),0) -> 0 | F39: ☐ | G39: ☐ | I39: =IF(AND($D$14="Yes",F39="☑",G39="☑",C39<>"",H39<>"",COUNTIF($H$22:$H$39,H39)=1),E39,0) -> 0 | J39: =IF($D$14="No","NOT USED",IF(I39>0,"OK","MISSING")) -> NOT USED
B42: BANK CHECK: at least 3 qualifying POS transactions per month for 3 months; ensure outlet addresses and an eligible regulated bank/credit union. DSP statement must show contributions or claims; spouse EDS and child benefit alone do not establish your residence. A bank set is one 100-point proof. Use a unique file/set reference and tick Checked only after inspecting the evidence.

Sheet Documents
A1: DOCUMENTS
A3: Mandatory rows cannot be waived. Conditional rows: Yes means required; No needs a reason in Notes. Decide blocks readiness. Spouse-only rows are excluded automatically on the standard route. A tick means uploaded/complete and Checked means reviewed.
A5: Scope | B5: Document / completion item | C5: Rule | D5: Applies? | E5: Uploaded / done | F5: Checked | G5: File / record reference | H5: Status | I5: Notes / reason if No
A6: Both | B6: Completed adult application and applicant declarations | C6: Always | D6: Yes | E6: ☐ | F6: ☐ | H6: =IF(AND(A6="Spouse",Dashboard!$C$4="Standard adult"),"NOT REQUIRED",IF(AND(E6="☑",F6="☑",G6<>""),"OK","MISSING")) -> MISSING
A7: Both | B7: Certified birth certificate | C7: Always | D7: Yes | E7: ☐ | F7: ☐ | H7: =IF(AND(A7="Spouse",Dashboard!$C$4="Standard adult"),"NOT REQUIRED",IF(AND(E7="☑",F7="☑",G7<>""),"OK","MISSING")) -> MISSING
A8: Both | B8: Passport Certification Form | C8: Passport | D8: Yes | E8: ☐ | F8: ☐ | H8: =IF(AND(A8="Spouse",Dashboard!$C$4="Standard adult"),"NOT REQUIRED",IF(COUNTIF(Identity!$D$6:$D$8,"☑")>0,IF(AND(E8="☑",F8="☑",G8<>""),"OK","MISSING"),IF(AND(D8="No",I8<>""),"NOT REQUIRED","MISSING"))) -> MISSING
A9: Both | B9: Current IRP, front and back | C9: Conditional | D9: Decide | E9: ☐ | F9: ☐ | H9: =IF(AND(A9="Spouse",Dashboard!$C$4="Standard adult"),"NOT REQUIRED",IF(D9="No",IF(I9<>"","NOT REQUIRED","MISSING"),IF(D9="Yes",IF(AND(E9="☑",F9="☑",G9<>""),"OK","MISSING"),"MISSING"))) -> MISSING
A10: Both | B10: Permission history / relevant previous passports | C10: Conditional | D10: Decide | E10: ☐ | F10: ☐ | H10: =IF(AND(A10="Spouse",Dashboard!$C$4="Standard adult"),"NOT REQUIRED",IF(D10="No",IF(I10<>"","NOT REQUIRED","MISSING"),IF(D10="Yes",IF(AND(E10="☑",F10="☑",G10<>""),"OK","MISSING"),"MISSING"))) -> MISSING
A11: Both | B11: Residence calculator output | C11: Conditional | D11: Decide | E11: ☐ | F11: ☐ | H11: =IF(AND(A11="Spouse",Dashboard!$C$4="Standard adult"),"NOT REQUIRED",IF(D11="No",IF(I11<>"","NOT REQUIRED","MISSING"),IF(D11="Yes",IF(AND(E11="☑",F11="☑",G11<>""),"OK","MISSING"),"MISSING"))) -> MISSING
A12: Both | B12: Name-change evidence | C12: Conditional | D12: Decide | E12: ☐ | F12: ☐ | H12: =IF(AND(A12="Spouse",Dashboard!$C$4="Standard adult"),"NOT REQUIRED",IF(D12="No",IF(I12<>"","NOT REQUIRED","MISSING"),IF(D12="Yes",IF(AND(E12="☑",F12="☑",G12<>""),"OK","MISSING"),"MISSING"))) -> MISSING
A13: Both | B13: Professional translations / applicable exemption | C13: Conditional | D13: Decide | E13: ☐ | F13: ☐ | H13: =IF(AND(A13="Spouse",Dashboard!$C$4="Standard adult"),"NOT REQUIRED",IF(D13="No",IF(I13<>"","NOT REQUIRED","MISSING"),IF(D13="Yes",IF(AND(E13="☑",F13="☑",G13<>""),"OK","MISSING"),"MISSING"))) -> MISSING
A14: Both | B14: Photograph in requested format | C14: Conditional | D14: Decide | E14: ☐ | F14: ☐ | H14: =IF(AND(A14="Spouse",Dashboard!$C$4="Standard adult"),"NOT REQUIRED",IF(D14="No",IF(I14<>"","NOT REQUIRED","MISSING"),IF(D14="Yes",IF(AND(E14="☑",F14="☑",G14<>""),"OK","MISSING"),"MISSING"))) -> MISSING
A15: Both | B15: Exceptional absence explanation and evidence | C15: Conditional | D15: Decide | E15: ☐ | F15: ☐ | H15: =IF(AND(A15="Spouse",Dashboard!$C$4="Standard adult"),"NOT REQUIRED",IF(D15="No",IF(I15<>"","NOT REQUIRED","MISSING"),IF(D15="Yes",IF(AND(E15="☑",F15="☑",G15<>""),"OK","MISSING"),"MISSING"))) -> MISSING
A16: Both | B16: Exceptional identity / residence affidavit | C16: Conditional | D16: Decide | E16: ☐ | F16: ☐ | H16: =IF(AND(A16="Spouse",Dashboard!$C$4="Standard adult"),"NOT REQUIRED",IF(D16="No",IF(I16<>"","NOT REQUIRED","MISSING"),IF(D16="Yes",IF(AND(E16="☑",F16="☑",G16<>""),"OK","MISSING"),"MISSING"))) -> MISSING
A17: Both | B17: Documents supporting required legal disclosures | C17: Conditional | D17: Decide | E17: ☐ | F17: ☐ | H17: =IF(AND(A17="Spouse",Dashboard!$C$4="Standard adult"),"NOT REQUIRED",IF(D17="No",IF(I17<>"","NOT REQUIRED","MISSING"),IF(D17="Yes",IF(AND(E17="☑",F17="☑",G17<>""),"OK","MISSING"),"MISSING"))) -> MISSING
A18: Both | B18: Additional financial / tax records requested by ISD | C18: Conditional | D18: Decide | E18: ☐ | F18: ☐ | H18: =IF(AND(A18="Spouse",Dashboard!$C$4="Standard adult"),"NOT REQUIRED",IF(D18="No",IF(I18<>"","NOT REQUIRED","MISSING"),IF(D18="Yes",IF(AND(E18="☑",F18="☑",G18<>""),"OK","MISSING"),"MISSING"))) -> MISSING
A19: Both | B19: Police clearance if residing outside the State | C19: Conditional | D19: Decide | E19: ☐ | F19: ☐ | H19: =IF(AND(A19="Spouse",Dashboard!$C$4="Standard adult"),"NOT REQUIRED",IF(D19="No",IF(I19<>"","NOT REQUIRED","MISSING"),IF(D19="Yes",IF(AND(E19="☑",F19="☑",G19<>""),"OK","MISSING"),"MISSING"))) -> MISSING
A20: Both | B20: Application fee paid / payment step completed | C20: Always | D20: Yes | E20: ☐ | F20: ☐ | H20: =IF(AND(A20="Spouse",Dashboard!$C$4="Standard adult"),"NOT REQUIRED",IF(AND(E20="☑",F20="☑",G20<>""),"OK","MISSING")) -> MISSING
A21: Both | B21: Application and payment record saved | C21: Always | D21: Yes | E21: ☐ | F21: ☐ | H21: =IF(AND(A21="Spouse",Dashboard!$C$4="Standard adult"),"NOT REQUIRED",IF(AND(E21="☑",F21="☑",G21<>""),"OK","MISSING")) -> MISSING
A22: Spouse | B22: Certified marriage / civil partnership certificate | C22: Spouse | D22: Yes | E22: ☐ | F22: ☐ | H22: =IF(AND(A22="Spouse",Dashboard!$C$4="Standard adult"),"NOT REQUIRED",IF(AND(E22="☑",F22="☑",G22<>""),"OK","MISSING")) -> NOT REQUIRED
A23: Spouse | B23: Marriage / civil partnership certification form | C23: Spouse | D23: Yes | E23: ☐ | F23: ☐ | H23: =IF(AND(A23="Spouse",Dashboard!$C$4="Standard adult"),"NOT REQUIRED",IF(AND(E23="☑",F23="☑",G23<>""),"OK","MISSING")) -> NOT REQUIRED
A24: Spouse | B24: Certified evidence that partner is Irish | C24: Spouse | D24: Yes | E24: ☐ | F24: ☐ | H24: =IF(AND(A24="Spouse",Dashboard!$C$4="Standard adult"),"NOT REQUIRED",IF(AND(E24="☑",F24="☑",G24<>""),"OK","MISSING")) -> NOT REQUIRED
A25: Spouse | B25: Irish partner statutory declaration | C25: Spouse | D25: Yes | E25: ☐ | F25: ☐ | H25: =IF(AND(A25="Spouse",Dashboard!$C$4="Standard adult"),"NOT REQUIRED",IF(AND(E25="☑",F25="☑",G25<>""),"OK","MISSING")) -> NOT REQUIRED
A26: Spouse | B26: Applicant shared-address proof 1 | C26: Spouse | D26: Yes | E26: ☐ | F26: ☐ | H26: =IF(AND(A26="Spouse",Dashboard!$C$4="Standard adult"),"NOT REQUIRED",IF(AND(E26="☑",F26="☑",G26<>"",COUNTIF($G$26:$G$28,G26)=1),"OK","MISSING")) -> NOT REQUIRED
A27: Spouse | B27: Applicant shared-address proof 2 | C27: Spouse | D27: Yes | E27: ☐ | F27: ☐ | H27: =IF(AND(A27="Spouse",Dashboard!$C$4="Standard adult"),"NOT REQUIRED",IF(AND(E27="☑",F27="☑",G27<>"",COUNTIF($G$26:$G$28,G27)=1),"OK","MISSING")) -> NOT REQUIRED
A28: Spouse | B28: Applicant shared-address proof 3 | C28: Spouse | D28: Yes | E28: ☐ | F28: ☐ | H28: =IF(AND(A28="Spouse",Dashboard!$C$4="Standard adult"),"NOT REQUIRED",IF(AND(E28="☑",F28="☑",G28<>"",COUNTIF($G$26:$G$28,G28)=1),"OK","MISSING")) -> NOT REQUIRED
A29: Spouse | B29: Irish partner shared-address proof 1 | C29: Spouse | D29: Yes | E29: ☐ | F29: ☐ | H29: =IF(AND(A29="Spouse",Dashboard!$C$4="Standard adult"),"NOT REQUIRED",IF(AND(E29="☑",F29="☑",G29<>"",COUNTIF($G$29:$G$31,G29)=1),"OK","MISSING")) -> NOT REQUIRED
A30: Spouse | B30: Irish partner shared-address proof 2 | C30: Spouse | D30: Yes | E30: ☐ | F30: ☐ | H30: =IF(AND(A30="Spouse",Dashboard!$C$4="Standard adult"),"NOT REQUIRED",IF(AND(E30="☑",F30="☑",G30<>"",COUNTIF($G$29:$G$31,G30)=1),"OK","MISSING")) -> NOT REQUIRED
A31: Spouse | B31: Irish partner shared-address proof 3 | C31: Spouse | D31: Yes | E31: ☐ | F31: ☐ | H31: =IF(AND(A31="Spouse",Dashboard!$C$4="Standard adult"),"NOT REQUIRED",IF(AND(E31="☑",F31="☑",G31<>"",COUNTIF($G$29:$G$31,G31)=1),"OK","MISSING")) -> NOT REQUIRED
A32: Spouse | B32: Previous marriage / dissolution / death records | C32: Conditional | D32: Decide | E32: ☐ | F32: ☐ | H32: =IF(AND(A32="Spouse",Dashboard!$C$4="Standard adult"),"NOT REQUIRED",IF(D32="No",IF(I32<>"","NOT REQUIRED","MISSING"),IF(D32="Yes",IF(AND(E32="☑",F32="☑",G32<>""),"OK","MISSING"),"MISSING"))) -> NOT REQUIRED
A33: Spouse | B33: Northern Ireland status / residence documents | C33: Conditional | D33: Decide | E33: ☐ | F33: ☐ | H33: =IF(AND(A33="Spouse",Dashboard!$C$4="Standard adult"),"NOT REQUIRED",IF(D33="No",IF(I33<>"","NOT REQUIRED","MISSING"),IF(D33="Yes",IF(AND(E33="☑",F33="☑",G33<>""),"OK","MISSING"),"MISSING"))) -> NOT REQUIRED

Sheet Extra requests
A1: EXTRA REQUESTS
A3: Use for every additional requirement in your portal or ISD correspondence. Active Yes rows must be completed. Ten spare rows. Use No only when no request applies, not to waive a mandatory request.
A5: Active? | B5: Requested document / action | C5: Uploaded / done | D5: Checked | E5: File / completion reference | F5: Notes | G5: Status
A6: No | C6: ☐ | D6: ☐ | G6: =IF(A6="No","NOT USED",IF(AND(A6="Yes",B6<>"",C6="☑",D6="☑",E6<>""),"OK","MISSING")) -> NOT USED
A7: No | C7: ☐ | D7: ☐ | G7: =IF(A7="No","NOT USED",IF(AND(A7="Yes",B7<>"",C7="☑",D7="☑",E7<>""),"OK","MISSING")) -> NOT USED
A8: No | C8: ☐ | D8: ☐ | G8: =IF(A8="No","NOT USED",IF(AND(A8="Yes",B8<>"",C8="☑",D8="☑",E8<>""),"OK","MISSING")) -> NOT USED
A9: No | C9: ☐ | D9: ☐ | G9: =IF(A9="No","NOT USED",IF(AND(A9="Yes",B9<>"",C9="☑",D9="☑",E9<>""),"OK","MISSING")) -> NOT USED
A10: No | C10: ☐ | D10: ☐ | G10: =IF(A10="No","NOT USED",IF(AND(A10="Yes",B10<>"",C10="☑",D10="☑",E10<>""),"OK","MISSING")) -> NOT USED
A11: No | C11: ☐ | D11: ☐ | G11: =IF(A11="No","NOT USED",IF(AND(A11="Yes",B11<>"",C11="☑",D11="☑",E11<>""),"OK","MISSING")) -> NOT USED
A12: No | C12: ☐ | D12: ☐ | G12: =IF(A12="No","NOT USED",IF(AND(A12="Yes",B12<>"",C12="☑",D12="☑",E12<>""),"OK","MISSING")) -> NOT USED
A13: No | C13: ☐ | D13: ☐ | G13: =IF(A13="No","NOT USED",IF(AND(A13="Yes",B13<>"",C13="☑",D13="☑",E13<>""),"OK","MISSING")) -> NOT USED
A14: No | C14: ☐ | D14: ☐ | G14: =IF(A14="No","NOT USED",IF(AND(A14="Yes",B14<>"",C14="☑",D14="☑",E14<>""),"OK","MISSING")) -> NOT USED
A15: No | C15: ☐ | D15: ☐ | G15: =IF(A15="No","NOT USED",IF(AND(A15="Yes",B15<>"",C15="☑",D15="☑",E15<>""),"OK","MISSING")) -> NOT USED

Sheet Sources
A1: SOURCES
A3: Public sources reviewed 15 October 2026. This template implements the ordinary scorecard; check the live personalised portal and official forms again before submission. No automatic legal eligibility calculation is performed.
B6: ISD current application guide | C6: https://www.irishimmigration.ie/how-to-become-an-irish-citizen-guide/
B7: ISD identity and residence proofs | C7: https://www.irishimmigration.ie/how-to-become-a-citizen/become-an-irish-citizen-by-naturalisation/proofs-of-identity-and-residence/
B8: Passport certification form | C8: https://www.irishimmigration.ie/wp-content/uploads/citizenship/passport-certification-form-citz-0112026.pdf
B9: Marriage certification form | C9: https://www.irishimmigration.ie/wp-content/uploads/citizenship/marriage-certificate-certification-form-citizenship-0052026.pdf
B10: Spouse statutory declaration | C10: https://www.irishimmigration.ie/wp-content/uploads/citizenship/spousal-declaration-form-citizenship-statdec-13a2026.pdf
B11: Certification guidance | C11: https://www.irishimmigration.ie/how-to-become-a-citizen/certifying-a-document/
B12: Standard route: section 15 | C12: https://revisedacts.lawreform.ie/eli/1956/act/26/section/15/revised/en/html
B13: Spouse route: section 15A | C13: https://revisedacts.lawreform.ie/eli/1956/act/26/section/15A/revised/en/html
B14: Absences: section 15C | C14: https://revisedacts.lawreform.ie/eli/1956/act/26/section/15C/revised/en/html
B15: Excluded residence: section 16A | C15: https://revisedacts.lawreform.ie/eli/1956/act/26/section/16A/revised/en/html
B16: ISD e-vetting guidance | C16: https://www.irishimmigration.ie/how-to-become-a-citizen/become-an-irish-citizen-by-naturalisation/citizenship-applicants-guide-to-an-garda-siochana-national-vetting-bureau-e-vetting/

Sheet Lists
A1: LISTS
A5: Document | B5: Points | C5: Class
A6: Revenue Employment Detail Summary | B6: 100 | C6: A
A7: Revenue tax record / statement | B7: 100 | C7: A
A8: DSP contribution / payment statement | B8: 100 | C8: A
A9: Qualifying bank statements | B9: 100 | C9: A
A10: Employer letter confirming dates | B10: 100 | C10: A
A11: Utility / broadband bill | B11: 50 | C11: B
A12: Phone bill | B12: 50 | C12: B
A13: Tenancy agreement / tenancy letter | B13: 50 | C13: B
A14: Credit card statement | B14: 50 | C14: B
A15: Medical / hospital address letter | B15: 50 | C15: B
A16: School / housing authority / IPAS letter | B16: 50 | C16: B
